id;identifier_id;full_name;phone_no;gender;type;birth_day;expired_date;issue_date;issue_place;address;occupation;home_town;permanent_province;permanent_district;permanent_address;contact_province;contact_district;contact_address;email;referrer_id_name;referrer_branch;bank_account;account_name;bank_name;branch;nationality;status;front_image_url;back_image_url;portrait_image_url;signature_image_url;trading_code_image_url;is_margin;matching_rate;updated_at;created_at;branch_id;channel_id;e_kyc_id;tax_number;online_trading;authen_method;otp_receive_method;advanced_cash_included;sms_method;email_notification;referral;partner_id;partner_name;customer_support;cs_partner_id;cs_name;account_number;contract_id;contract_status;fatca
1;back-end methodology;Optimization;"-41-";generate Avon Senior;CMND;2021-04-18;2021-04-18;2021-04-18;Fantastic New Avon;Berkshire invoice clicks-and-mortar;seamless markets Cotton;state Quality-focused Computers;Web;copying Avon;Island Biển;Music virtual orange;Virginia;Borders Cape;BchNh8@yahoo.com;convergence;Licensed indexing deposit;IB Iraq Buckinghamshire;Savings Account;Garden;transmitter distributed Wisconsin;Officer;APPROVED;quantifying Plastic;Bolivia HTTP hardware;calculating capacitor Investor;Crescent Forward;optical portals generation;false;81935;2021-04-18T23:03:13;2021-04-18T03:44:06;hacking Persevering;Salad forecast Delaware;back-end firewall;program Canyon Buckinghamshire;false;Representative;access;false;Shoes infrastructures;true;Berkshire one-to-one XSS;payment hard;Human;false;networks;redundant Massachusetts;Wooden Programmable Savings;action-items feed payment;programming;true
2;Maroc bandwidth;invoice Investment;"";Technician;CC;2021-04-18;2021-04-18;2021-04-18;incremental navigate;Versatile Generic;Awesome disintermediate;calculate Niger;open-source interface Designer;e-tailers Games brand;responsive Computers disintermediate;Metal Vatu;Birr;pixel JBOD Squares;NhBo89@yahoo.com;USB withdrawal Pataca;SCSI;cultivate Intelligent calculating;Home Loan Account;Chips;system Jewelery green;Granite portals;APPROVED;HTTP product;virtual;JBOD Gorgeous Sports;disintermediate ROI;Lesotho;false;87596;2021-04-18T18:29:30;2021-04-19T01:33:54;Card;Berkshire;input FTP;complexity;true;protocol;Handmade services Buckinghamshire;false;Cambridgeshire;false;Peso Manager unleash;blue deploy channels;drive Yemen;false;Checking;mobile;Accounts alarm;Dam Account;SMTP;false
3;Fantastic;up;"+179";lavender redefine;CC;2021-04-18;2021-04-18;2021-04-19;Loan;Facilitator Response;Bedfordshire;Shoal invoice Outdoors;middleware;24/365 Vision-oriented;Avon;card;markets incubate COM;calculating multi-byte;AnTm25@gmail.com;Yuan Oregon withdrawal;schemas;Planner District TCP;Home Loan Account;azure;Operations Cambridgeshire Peso;drive connect;PENDING;indexing Representative;Sports Lead;maximized real-time motivating;systems;PCI;true;29728;2021-04-18T07:29:17;2021-04-18T04:02:45;quantifying Licensed Rand;e-markets;Practical;Facilitator Oman;false;Fantastic;Rupee Shoes payment;false;blue Synergistic payment;true;Account SSL architect;Rubber;Louisiana niches;false;Books Extended;Fish Steel;Handcrafted Borders;Loan deposit;Creative;false
4;Wyoming array Accoun;Branding efficient Integration;"256 4";primary;CC;2021-04-18;2021-04-19;2021-04-19;Generic Pass Card;invoice;Kentucky Cambridgeshire 1080p;Response Ergonomic extend;Secured Interactions wireless;Digitized Centralized methodology;SCSI parsing;scalable deliver parsing;program;Berkshire Sri;BchVn.on22@yahoo.com;Berkshire;card Incredible Louisiana;Wooden;Credit Card Account;Mauritanie Tasty;Cambridgeshire neural;Synergized convergence;PENDING;Bike Cotton;Analyst invoice;Nauru Optimized;grey Soap;Vision-oriented;false;60045;2021-04-18T15:41:02;2021-04-18T05:13:19;encoding COM;portals monitor;hard generation Colombia;indexing Licensed primary;false;Central Florida Hollow;Guarani Berkshire deposit;true;bleeding-edge;true;Regional;cohesive;Garden;true;Customer 1080p;methodologies Expanded Assistant;Tactics Concrete;Dollar deposit deposit;Account platforms;true
5;homogeneous;Engineer JSON pink;"757-";Response;PASSPORT;2021-04-19;2021-04-18;2021-04-18;cross-media;Shirt deposit dot-com;Intelligent Practical;Mouse bluetooth indexing;User-friendly;Rustic transmitting;driver Union;matrix front-end Assimilated;transmit Exclusive Car;IB Associate;Nhi_L@gmail.com;Synergized Associate XML;turquoise De-engineered;calculate;Personal Loan Account;blue Intelligent Fantastic;Centers;Fish Clothing;APPROVED;Fresh Optimization up;Facilitator Sharable;Iowa mobile Eritrea;Lights Technician foreground;withdrawal Administrator;false;82683;2021-04-18T20:01:22;2021-04-18T13:40:04;green global;Cordoba generate;Rubber compelling green;Haven Avon Orchestrator;true;Unbranded deposit Associate;Loan Burundi deposit;false;Estates Incredible Shoes;true;bandwidth;Dakota Borders;Legacy Bacon Focused;true;orchid;Illinois fresh-thinking;front-end Tunnel;invoice orchestration conglomeration;compress;true
6;strategize;wireless Gambia;"+78";Gorgeous Automotive York;PASSPORT;2021-04-18;2021-04-18;2021-04-18;XSS;User-centric Grove optimize;Car;standardization implement Toys;invoice state;evolve;Fresh;alliance;Rubber virtual;Pre-emptive;TunHong.86@hotmail.com;integrate;Skyway open-source;Stand-alone azure Planner;Personal Loan Account;Inlet complexity;wireless orchestrate;bandwidth;REJECT;Market;platforms synthesize Avon;invoice neural Wyoming;Principal Moldova;navigating;true;56827;2021-04-18T02:42:51;2021-04-18T12:37:03;Hawaii bandwidth Integration;secured Car mindshare;SSL grey;invoice interface;true;Uganda Strategist virtual;reboot orchestrate Rustic;true;Glen;true;database;Card program;Administrator viral bandwidth;false;Fresh;Wooden;Dobra incubate interface;mission-critical Plastic;Specialist;true
7;Bedfordshire Alaska ;Cotton;"";synthesize matrix;CC;2021-04-18;2021-04-18;2021-04-18;invoice;Tools;initiatives needs-based Rwanda;Steel;purple Global;e-commerce;Lead haptic;Future-proofed XSS;Integration;communities circuit XSS;Thinc29@gmail.com;Bahrain enhance;ADP synergies adapter;Account Rustic;Checking Account;Pizza;Tenge Brunei Gloves;Síp National;REJECT;virtual Metal reboot;Handcrafted;fuchsia;Checking Peso bandwidth;invoice solution-oriented;false;98086;2021-04-18T05:08:19;2021-04-18T02:50:00;redefine programming;Investment driver Clothing;Account Caribbean;syndicate;true;Myanmar Vermont;SQL cyan Research;false;Samoa parsing;true;array HTTP;productivity archive;Dong;false;clear-thinking;Implemented parsing Computer;Human Lesotho distributed;intermediate;bluetooth Unbranded Assimilated;true
8;Engineer invoice;Cross-group;"969";Rubber matrix Plastic;CC;2021-04-19;2021-04-18;2021-04-18;online strategy Washington;Cotton auxiliary Global;override forecast;Salad;SMS;moratorium copy Supervisor;România efficient Ferry;Unbranded Carolina Fresh;platforms;front-end;TrngHiu_H89@gmail.com;New;capability Market lavender;Ergonomic;Credit Card Account;synergies Handcrafted;synthesize;Madagascar microchip leverage;APPROVED;PCI protocol driver;override;Jewelery Guinea;rich;Nebraska Madagascar Self-enabling;false;3024;2021-04-18T22:59:12;2021-04-19T00:50:04;Corporate;cutting-edge;Generic;morph;true;Garden;ADP Account;true;Nevada channels Yemen;false;Central Belize;input;Loan indexing Islands;true;Georgia e-services;deposit system Tuna;Yemen Future-proofed Utah;green Cotton;Automotive;true
9;Sports;withdrawal;"8- 4";Bedfordshire indexing Wells;CMND;2021-04-18;2021-04-18;2021-04-18;Intelligent compressing;cross-media;Borders;calculating Shirt;Avon scale;programming Liberian Aruban;solutions paradigms;Burg definition Personal;Cambridgeshire Cotton;compressing;DanhSn.Trn24@yahoo.com;revolutionize Branding Berkshire;Tây Borders;payment expedite Utah;Home Loan Account;protocol Sausages;deposit;Baby International;APPROVED;Extended;Associate;optimal;Savings Rwanda Home;workforce;true;98695;2021-04-18T20:30:23;2021-04-19T00:16:23;multi-tasking;indexing;Rustic CSS;cyan;true;payment Berkshire Music;Metal haptic;true;Metal;true;functionalities seamless Generic;application Missouri Universal;Handcrafted Managed turn-key;false;attitude-oriented white Andorra;Games Chief Steel;program;Generic;Nebraska Sports;false
10;interface connect;Nevada Technician Licensed;"+02";RAM Lead;PASSPORT;2021-04-18;2021-04-18;2021-04-18;neural;bandwidth Guinée;AGP Keyboard;Savings multi-state;Avon;Granite;Usability real-time Streamlined;methodologies programming;Pizza Small sensor;Crossing;TtHa.T@gmail.com;Incredible;optical;Steel superstructure models;Auto Loan Account;Mouse reboot streamline;generate hòa;connect;REJECT;Legacy index;Configuration Louisiana Illinois;Burundi cross-platform;black JSON;Idaho Kuna;false;14671;2021-04-18T11:13:34;2021-04-18T10:05:20;transition Afghani;Account Integration Pants;Plastic Table connecting;convergence Lead;false;Orchestrator non-volatile Grocery;tan;true;Markets front-end evolve;true;HTTP Refined B2B;International Granite;leading-edge Pound;true;Product Soft Buckinghamshire;bus;Pennsylvania end-to-end;cyan Granite green;navigating Frozen;false
